<?xml version="1.0" encoding="UTF-8"?>
<fileResource exportedWithPermissions="true" dataFile="SugarCRMSchemaUpper.data">
    <folder>/analysis/schemas</folder>
    <name>SugarCRMSchemaUpper</name>
    <version>0</version>
    <label>SugarCRM Schema Uppercase</label>
    <description>SugarCRM Analysis Schema Upper Case</description>
    <creationDate>2017-10-31T11:46:32.000-07:00</creationDate>
    <updateDate>2017-10-31T11:46:32.000-07:00</updateDate>
    <fileType>olapMondrianSchema</fileType>
</fileResource>
